Name,Email,Phone
Amina Yusuf,amina.yusuf@example.com,07491757406
Tariq Zhou,tariq.zhou@example.com,07568392893
Elena Ivanova,elena.ivanova@example.com,07760297202
Lucas Okafor,lucas.okafor@example.com,07903644233
Noor Al-Masri,noor.al-masri@example.com,07123527666
Rajesh Khatri,rajesh.khatri@example.com,07997217266
Grace Ndlovu,grace.ndlovu@example.com,07306653722
Miguel Alvarez,miguel.alvarez@example.com,07734592089
Hanae Kimura,hanae.kimura@example.com,07590497226
Ewan MacLeod,ewan.macleod@example.com,07242919647
